[{"id":3805490,"info":{"regNum":"Ш9855","code":"893Ш9855","divisionParentName":"","divisionParentCode":"","ogrn":"1021300550941","fullName":"МУНИЦИПАЛЬНОЕ БЮДЖЕТНОЕ ДОШКОЛЬНОЕ ОБРАЗОВАТЕЛЬНОЕ УЧРЕЖДЕНИЕ АТЯШЕВСКОГО МУНИЦИПАЛЬНОГО РАЙОНА \"ПТИЦЕСОВХОЗСКИЙ ДЕТСКИЙ САД\"","shortName":"МБДОУ \"ПТИЦЕСОВХОЗСКИЙ ДЕТСКИЙ САД\"","inn":"1303068088","kpp":"130301001","regDate":"2002-12-30 00:00:00.0","okopfName":"Муниципальные бюджетные учреждения","okopfCode":"75403","okfsName":"Муниципальная собственность","okfsCode":"14","postIndex":"431827","cityType":"","cityName":"","streetType":"УЛИЦА","streetName":"МОЛОДЕЖНАЯ","house":"65","oktmoName":"п Птицесовхоз \"Сараст\"","oktmoCode":"89607484101","orfkName":"Управление Федерального казначейства по Республике Мордовия","orfkCode":"0900","oksmName":"","oksmCode":"","location":"","kbkName":"Управление образования Администрации Атяшевского муниципального района Республики Мордовия","kbkCode":"902","okoguName":"","okoguCode":"","okpoCode":"12918695","orgTypeName":"Учреждение","orgTypeCode":"03","establishmentKindName":"Бюджетное","establishmentKindCode":"2","legalPersonKindName":"Создание юридического лица","legalPersonKindCode":"11","ougvName":"","ougvCode":"","uoName":"Финансовое управление Администрации Атяшевского муниципального района","uoCode":"89302097","creatorKindName":"","creatorKindCode":"","creatorPlaceName":"","creatorPlaceCode":"","founderKindName":"Муниципальный район","founderKindCode":"32","founderPlaceName":"Атяшевский муниципальный район Республики Мордовия","founderPlaceCode":"89607000","budgetLvlName":"Бюджет муниципального района","budgetLvlCode":"32","budgetName":"Бюджет Атяшевского муниципального района Республики Мордовия","budgetCode":"09030679","statusCode":"2","statusName":"недействующая","regionType":"РЕСПУБЛИКА","regionName":"МОРДОВИЯ","isOGV":"0","isObosob":"0","orgStatus":"2","recordNum":"896070000332Ш9855082","parentCode":"","parentName":"","okatoCode":"","okatoName":"","guid":"F6A24ABD-9EAF-4903-99EA-35164630CD8C","status":"1","controlNum":"0","bidNum":"1-76-13-000/00055","firstRegDate":"2015-10-24 12:55:07.0","firstRegGuid":"4c2d8ff4-572c-45aa-88f4-63bc7253e2e1","lastRegGuid":"cf888ab6-361f-4348-8825-8afa995de130","lastRegDate":"2021-01-03 13:07:58.0","lastRegNum":"1-76-13-000/19299","updateReason":"E","updateNum":"1","inclusionDate":"2015-10-27 12:18:27.0","exclusionDate":"","pubpCode":"","rubpCode":"","nubpCode":"Ш9855","cpzCode":"03093000048","pgmyCode":"","firmName":"","kofkCode":"0900","nameDocs":"","accMgmt":"","naibznachuch":"","regionCode":"13","areaCode":"1300400000000","areaType":"РАЙОН","areaName":"АТЯШЕВСКИЙ","cityCode":"","localCode":"1300400005000","localName":"ПТИЦЕСОВХОЗ САРАСТ","localType":"ПОСЕЛОК","streetCode":"13004000050000200","building":"-","apartment":"-","reformationDocument":"Постановление Администрации Атяшевского муниципального района \"О реорганизации муниципальных бюджетных дошкольных образовательных учреждений Атяшевского муниципального района в качестве обособленныхструктурных подразделений путем присоединения к МБДОУ \"Атяшевский детский сад №2\"","reformationDocumentNum":"296","reformationDocumentDate":"2020-06-29 00:00:00.0","reformationName":"Прекращение деятельности юридического лица путем реорганизации в форме присоединения","reformationCode":"304","reformationStartDate":"2020-07-06 00:00:00.0","reformationEndDate":"2020-12-18 00:00:00.0","dateUpdate":"2021-01-03 00:00:00.0","isExcluded":"0","isReorg":"0","startDate":"2021-01-03 13:07:58.0","endDate":"","loadDate":"2021-01-03 18:15:16.0","regionKladrCode":"1300000000000","egrulnotincluded":"false","parentrecordnum":"","planningstructuretype":"","planningstructurename":"","contourTypeCode":"O","specEventCode":"2","speceventcodedop1":"","speceventcodedop2":"","speceventcodedop3":"","dsp":"0","ppotypecode":"32","ppotypename":"Муниципальный район","isUch":"0","reforfkCode":"/epbs/registry/7710568760-TOFK/data?filtercode=0900&filterstatus=ACTIVE&"},"authorities":[{"authorityCode":"89302119","authorityName":"АДМИНИСТРАЦИЯ АТЯШЕВСКОГО МУНИЦИПАЛЬНОГО РАЙОНА","permissions":[{"permissionCode":"402","permissionName":"Утверждение устава бюджетного учреждения, а также вносимых в него изменений"},{"permissionCode":"409","permissionName":"Принятие решений об одобрении сделок с участием бюджетного учреждения, в совершении которых имеется заинтересованность, определяемая в соответствии с критериями, установленными в статье 27 Федерального закона \"О некоммерческих организациях\""},{"permissionCode":"417","permissionName":"Определение порядка составления и утверждения плана финансово-хозяйственной деятельности бюджетного учреждения в соответствии с требованиями, установленными Министерством финансов Российской Федерации"},{"permissionCode":"401","permissionName":"Выполнение функций и полномочий учредителя бюджетного учреждения при его создании, реорганизации, изменении типа и ликвидации"},{"permissionCode":"410","permissionName":"Установление порядка определения платы для физических и юридических лиц за услуги (работы), относящиеся к основным видам деятельности бюджетного учреждения, оказываемые им сверх установленного государственного задания, а также в случаях, определенных федеральными законами, в пределах установленного государственного задания"},{"permissionCode":"419","permissionName":"Определение предельно допустимого значения просроченной кредиторской задолженности бюджетного учреждения, превышение которого влечет расторжение трудового договора с руководителем бюджетного учреждения по инициативе работодателя в соответствии с Трудовым кодексом Российской Федерации"},{"permissionCode":"412","permissionName":"Согласование распоряжения особо ценным движимым имуществом, закрепленным за бюджетным учреждением учредителем либо приобретенным бюджетным учреждением за счет средств, выделенных его учредителем на приобретение такого имущества"},{"permissionCode":"420","permissionName":"Осуществление контроля деятельности бюджетного учреждения в соответствии с законодательством Российской Федерации"},{"permissionCode":"405","permissionName":"Формирование государственного задания на оказание государственных (муниципальных) услуг (выполнение работ) юридическим и физическим лицам в соответствии с предусмотренными уставом бюджетного учреждения основными видами деятельности"},{"permissionCode":"413","permissionName":"Согласование распоряжения недвижимым имуществом бюджетного учреждения, в том числе передачи его в аренду по договорам, типовые условия которых утверждаются Министерством экономического развития Российской Федерации, если иное не установлено иными нормативными правовыми актами, принимаемыми в соответствии с федеральными законами"},{"permissionCode":"406","permissionName":"Утверждение государственного задания в соответствии с предусмотренными уставом бюджетного учреждения основными видами деятельности"},{"permissionCode":"414","permissionName":"Согласование внесения бюджетным учреждением денежных средств (если иное не установлено условиями их предоставления), иного имущества, за исключением особо ценного движимого имущества, а также недвижимого имущества, в уставный (складочный) капитал хозяйственных обществ или передачи им такого имущества иным образом в качестве их учредителя или участника"},{"permissionCode":"404","permissionName":"Заключение и прекращение трудового договора с руководителем бюджетного учреждения"},{"permissionCode":"407","permissionName":"Определение перечня особо ценного движимого имущества, закрепленного за бюджетным учреждением учредителем или приобретенного бюджетным учреждением за счет средств, выделенных ему учредителем на приобретение такого имущества"},{"permissionCode":"415","permissionName":"Согласование в случаях, предусмотренных федеральными законами, передачи некоммерческим организациям в качестве их учредителя или участника денежных средств (если иное не установлено условиями их предоставления) и иного имущества, за исключением особо ценного движимого имущества, закрепленного за бюджетным учреждением собственником или приобретенного бюджетным учреждением за счет средств,выделенных ему собственником на приобретение такого имущества, а также недвижимого имущества"},{"permissionCode":"403","permissionName":"Назначение (утверждение) руководителя бюджетного учреждения и прекращение его полномочий"},{"permissionCode":"411","permissionName":"Определение порядка составления и утверждения отчета о результатах деятельности бюджетного учреждения и об использовании закрепленного за ним государственного (муниципального) имущества в соответствии с общими требованиями, установленными Министерством финансов Российской Федерации"},{"permissionCode":"421","permissionName":"Осуществление иных функций и полномочий учредителя бюджетного учреждения, установленных федеральными законами и нормативными правовыми актами Президента Российской Федерации, Правительства Российской Федерации, субъекта Российской Федерации, правовыми актами муниципального образования"},{"permissionCode":"408","permissionName":"Предварительное согласование совершения бюджетным учреждением крупных сделок, соответствующих критериям, установленным в пункте 13 статьи 9.2 Федерального закона \"О некоммерческих организациях\""},{"permissionCode":"416","permissionName":"Осуществление финансового обеспечения выполнения государственного задания бюджетного учреждения"}]}],"activities":[{"activityCode":"85.11","activityName":"Образование дошкольное","activityKind":"основной"}],"heads":[{"fio":"ДЕПУТАТОВА ЕЛЕНА НИКОЛАЕВНА","post":"ЗАВЕДУЮЩАЯ","docName":"Распоряжение","docNum":"390","docDate":"2020-11-09 00:00:00.0","headMain":"0"}],"successions":[],"facialAccounts":[{"kindName":"лс БУ","kindCode":"20","num":"20096Ш98550","createDate":"2013-01-18 00:00:00.0","closeDate":"","status":"открыт","openUfkCode":"0900","openUfkName":"Управление Федерального казначейства по Республике Мордовия","openTofkName":"00109119","srvUfkCode":"0923","srvUfkName":"Отдел № 23 Управления Федерального казначейства по Республике Мордовия","accountorgcode":"","accountorgfullname":"","ppocode":"","pponame":"","refopenUfkCode":"/epbs/registry/7710568760-TOFK/data?filtercode=00109119&filterstatus=ACTIVE&","refsrvUfkCode":"/epbs/registry/7710568760-TOFK/data?filtercode=-&filterstatus=ACTIVE&"},{"kindName":"отдельный лс БУ","kindCode":"21","num":"21096Ш98550","createDate":"2013-01-18 00:00:00.0","closeDate":"","status":"открыт","openUfkCode":"0900","openUfkName":"Управление Федерального казначейства по Республике Мордовия","openTofkName":"00109119","srvUfkCode":"0923","srvUfkName":"Отдел № 23 Управления Федерального казначейства по Республике Мордовия","accountorgcode":"","accountorgfullname":"","ppocode":"","pponame":"","refopenUfkCode":"/epbs/registry/7710568760-TOFK/data?filtercode=00109119&filterstatus=ACTIVE&","refsrvUfkCode":"/epbs/registry/7710568760-TOFK/data?filtercode=-&filterstatus=ACTIVE&"}],"foAccounts":[],"participantPermissions":[],"nonParticipantPermissions":[{"name":"НУБП","registryNum":"Ш9855","code":"303","startDate":"2017-01-17 00:00:00.0","endDate":"","authBudgName":"Бюджет Атяшевского муниципального района Республики Мордовия","authBudgCode":"09030679","authPPOName":"","authPPOCode":"","authKBKGlavaName":"Управление образования Администрации Атяшевского муниципального района Республики Мордовия","authKBKGlavaCode":"902"}],"procurementPermissions":[{"name":"Заказчик","code":"201","startDate":"2016-06-22 00:00:00.0","endDate":""}],"contacts":[{"phone":"8 834 342 31 22","site":"","mail":"sptitsiesovkhozskaia@mail.ru"}],"acceptAuths":[],"transfauth":[],"attachment":[],"contracts":[],"ubptransfauthbp":[],"ubptransfauthbu":[],"ubpfin":[],"ksaccounts":[]},{"id":3804891,"info":{"regNum":"Ш9858","code":"893Ш9858","divisionParentName":"","divisionParentCode":"","ogrn":"1021300547124","fullName":"МУНИЦИПАЛЬНОЕ БЮДЖЕТНОЕ ОБЩЕОБРАЗОВАТЕЛЬНОЕ УЧРЕЖДЕНИЕ АТЯШЕВСКОГО МУНИЦИПАЛЬНОГО РАЙОНА \"БАТУШЕВСКАЯ ОСНОВНАЯ ШКОЛА\"","shortName":"МБОУ \"БАТУШЕВСКАЯ ОСНОВНАЯ ШКОЛА\"","inn":"1303067528","kpp":"130301001","regDate":"2000-12-29 00:00:00.0","okopfName":"Муниципальные бюджетные учреждения","okopfCode":"75403","okfsName":"Муниципальная собственность","okfsCode":"14","postIndex":"431826","cityType":"","cityName":"","streetType":"ПЕРЕУЛОК","streetName":"ЧАПАЕВА","house":"11","oktmoName":"с Батушево","oktmoCode":"89607412106","orfkName":"Управление Федерального казначейства по Республике Мордовия","orfkCode":"0900","oksmName":"","oksmCode":"","location":"","kbkName":"Управление образования Администрации Атяшевского муниципального района Республики Мордовия","kbkCode":"902","okoguName":"","okoguCode":"","okpoCode":"12938355","orgTypeName":"Учреждение","orgTypeCode":"03","establishmentKindName":"Бюджетное","establishmentKindCode":"2","legalPersonKindName":"Создание юридического лица до 01.07.2002","legalPersonKindCode":"01","ougvName":"","ougvCode":"","uoName":"Финансовое управление Администрации Атяшевского муниципального района","uoCode":"89302097","creatorKindName":"","creatorKindCode":"","creatorPlaceName":"","creatorPlaceCode":"","founderKindName":"Муниципальный район","founderKindCode":"32","founderPlaceName":"Атяшевский муниципальный район Республики Мордовия","founderPlaceCode":"89607000","budgetLvlName":"Бюджет муниципального района","budgetLvlCode":"32","budgetName":"Бюджет Атяшевского муниципального района Республики Мордовия","budgetCode":"09030679","statusCode":"2","statusName":"недействующая","regionType":"РЕСПУБЛИКА","regionName":"МОРДОВИЯ","isOGV":"0","isObosob":"0","orgStatus":"2","recordNum":"896070000332Ш9858052","parentCode":"","parentName":"","okatoCode":"","okatoName":"","guid":"93EF03AF-5582-45C5-B06B-9E97666E03D0","status":"1","controlNum":"0","bidNum":"1-76-13-000/00063","firstRegDate":"2015-10-24 14:13:59.0","firstRegGuid":"8de63c68-0e00-4292-b823-ccfd6da48106","lastRegGuid":"7b10d8c2-39a2-43c4-8f01-03fb66f8ba7d","lastRegDate":"2021-01-03 13:08:56.0","lastRegNum":"1-76-13-000/19302","updateReason":"E","updateNum":"1","inclusionDate":"2015-10-27 12:38:12.0","exclusionDate":"","pubpCode":"","rubpCode":"","nubpCode":"Ш9858","cpzCode":"03093000440","pgmyCode":"","firmName":"","kofkCode":"0900","nameDocs":"МБОУ \"БАТУШЕВСКАЯ ОСНОВНАЯ ШКОЛА\"","accMgmt":"","naibznachuch":"","regionCode":"13","areaCode":"1300400000000","areaType":"РАЙОН","areaName":"АТЯШЕВСКИЙ","cityCode":"","localCode":"1300400000800","localName":"БАТУШЕВО","localType":"СЕЛО","streetCode":"13004000008000600","building":"","apartment":"","reformationDocument":"","reformationDocumentNum":"","reformationDocumentDate":"","reformationName":"Прекращение деятельности юридического лица путем реорганизации в форме присоединения","reformationCode":"304","reformationStartDate":"","reformationEndDate":"2020-11-20 00:00:00.0","dateUpdate":"2021-01-03 00:00:00.0","isExcluded":"0","isReorg":"0","startDate":"2021-01-03 13:08:57.0","endDate":"","loadDate":"2021-01-03 18:15:16.0","regionKladrCode":"1300000000000","egrulnotincluded":"false","parentrecordnum":"","planningstructuretype":"","planningstructurename":"","contourTypeCode":"O","specEventCode":"2","speceventcodedop1":"","speceventcodedop2":"","speceventcodedop3":"","dsp":"0","ppotypecode":"32","ppotypename":"Муниципальный район","isUch":"0","reforfkCode":"/epbs/registry/7710568760-TOFK/data?filtercode=0900&filterstatus=ACTIVE&"},"authorities":[{"authorityCode":"89302119","authorityName":"АДМИНИСТРАЦИЯ АТЯШЕВСКОГО МУНИЦИПАЛЬНОГО РАЙОНА","permissions":[{"permissionCode":"402","permissionName":"Утверждение устава бюджетного учреждения, а также вносимых в него изменений"},{"permissionCode":"401","permissionName":"Выполнение функций и полномочий учредителя бюджетного учреждения при его создании, реорганизации, изменении типа и ликвидации"},{"permissionCode":"409","permissionName":"Принятие решений об одобрении сделок с участием бюджетного учреждения, в совершении которых имеется заинтересованность, определяемая в соответствии с критериями, установленными в статье 27 Федерального закона \"О некоммерческих организациях\""},{"permissionCode":"417","permissionName":"Определение порядка составления и утверждения плана финансово-хозяйственной деятельности бюджетного учреждения в соответствии с требованиями, установленными Министерством финансов Российской Федерации"},{"permissionCode":"410","permissionName":"Установление порядка определения платы для физических и юридических лиц за услуги (работы), относящиеся к основным видам деятельности бюджетного учреждения, оказываемые им сверх установленного государственного задания, а также в случаях, определенных федеральными законами, в пределах установленного государственного задания"},{"permissionCode":"419","permissionName":"Определение предельно допустимого значения просроченной кредиторской задолженности бюджетного учреждения, превышение которого влечет расторжение трудового договора с руководителем бюджетного учреждения по инициативе работодателя в соответствии с Трудовым кодексом Российской Федерации"},{"permissionCode":"420","permissionName":"Осуществление контроля деятельности бюджетного учреждения в соответствии с законодательством Российской Федерации"},{"permissionCode":"405","permissionName":"Формирование государственного задания на оказание государственных (муниципальных) услуг (выполнение работ) юридическим и физическим лицам в соответствии с предусмотренными уставом бюджетного учреждения основными видами деятельности"},{"permissionCode":"413","permissionName":"Согласование распоряжения недвижимым имуществом бюджетного учреждения, в том числе передачи его в аренду по договорам, типовые условия которых утверждаются Министерством экономического развития Российской Федерации, если иное не установлено иными нормативными правовыми актами, принимаемыми в соответствии с федеральными законами"},{"permissionCode":"406","permissionName":"Утверждение государственного задания в соответствии с предусмотренными уставом бюджетного учреждения основными видами деятельности"},{"permissionCode":"414","permissionName":"Согласование внесения бюджетным учреждением денежных средств (если иное не установлено условиями их предоставления), иного имущества, за исключением особо ценного движимого имущества, а также недвижимого имущества, в уставный (складочный) капитал хозяйственных обществ или передачи им такого имущества иным образом в качестве их учредителя или участника"},{"permissionCode":"404","permissionName":"Заключение и прекращение трудового договора с руководителем бюджетного учреждения"},{"permissionCode":"407","permissionName":"Определение перечня особо ценного движимого имущества, закрепленного за бюджетным учреждением учредителем или приобретенного бюджетным учреждением за счет средств, выделенных ему учредителем на приобретение такого имущества"},{"permissionCode":"415","permissionName":"Согласование в случаях, предусмотренных федеральными законами, передачи некоммерческим организациям в качестве их учредителя или участника денежных средств (если иное не установлено условиями их предоставления) и иного имущества, за исключением особо ценного движимого имущества, закрепленного за бюджетным учреждением собственником или приобретенного бюджетным учреждением за счет средств,выделенных ему собственником на приобретение такого имущества, а также недвижимого имущества"},{"permissionCode":"403","permissionName":"Назначение (утверждение) руководителя бюджетного учреждения и прекращение его полномочий"},{"permissionCode":"411","permissionName":"Определение порядка составления и утверждения отчета о результатах деятельности бюджетного учреждения и об использовании закрепленного за ним государственного (муниципального) имущества в соответствии с общими требованиями, установленными Министерством финансов Российской Федерации"},{"permissionCode":"416","permissionName":"Осуществление финансового обеспечения выполнения государственного задания бюджетного учреждения"},{"permissionCode":"412","permissionName":"Согласование распоряжения особо ценным движимым имуществом, закрепленным за бюджетным учреждением учредителем либо приобретенным бюджетным учреждением за счет средств, выделенных его учредителем на приобретение такого имущества"},{"permissionCode":"421","permissionName":"Осуществление иных функций и полномочий учредителя бюджетного учреждения, установленных федеральными законами и нормативными правовыми актами Президента Российской Федерации, Правительства Российской Федерации, субъекта Российской Федерации, правовыми актами муниципального образования"},{"permissionCode":"408","permissionName":"Предварительное согласование совершения бюджетным учреждением крупных сделок, соответствующих критериям, установленным в пункте 13 статьи 9.2 Федерального закона \"О некоммерческих организациях\""}]}],"activities":[{"activityCode":"85.13","activityName":"Образование основное общее","activityKind":"основной"}],"heads":[{"fio":"ШАЕВА ЕЛЕНА ИВАНОВНА","post":"директор","docName":"Приказ","docNum":"32","docDate":"2009-06-30 00:00:00.0","headMain":"0"}],"successions":[],"facialAccounts":[{"kindName":"лс БУ","kindCode":"20","num":"20096Ш98580","createDate":"2013-01-18 00:00:00.0","closeDate":"","status":"открыт","openUfkCode":"0900","openUfkName":"Управление Федерального казначейства по Республике Мордовия","openTofkName":"00109119","srvUfkCode":"0904","srvUfkName":"Отдел № 4 Управления Федерального казначейства по Республике Мордовия","accountorgcode":"","accountorgfullname":"","ppocode":"","pponame":"","refopenUfkCode":"/epbs/registry/7710568760-TOFK/data?filtercode=00109119&filterstatus=ACTIVE&","refsrvUfkCode":"/epbs/registry/7710568760-TOFK/data?filtercode=-&filterstatus=ACTIVE&"},{"kindName":"отдельный лс БУ","kindCode":"21","num":"21096Ш98580","createDate":"2013-01-18 00:00:00.0","closeDate":"","status":"открыт","openUfkCode":"0900","openUfkName":"Управление Федерального казначейства по Республике Мордовия","openTofkName":"00109119","srvUfkCode":"0904","srvUfkName":"Отдел № 4 Управления Федерального казначейства по Республике Мордовия","accountorgcode":"","accountorgfullname":"","ppocode":"","pponame":"","refopenUfkCode":"/epbs/registry/7710568760-TOFK/data?filtercode=00109119&filterstatus=ACTIVE&","refsrvUfkCode":"/epbs/registry/7710568760-TOFK/data?filtercode=-&filterstatus=ACTIVE&"}],"foAccounts":[],"participantPermissions":[],"nonParticipantPermissions":[{"name":"НУБП","registryNum":"Ш9858","code":"303","startDate":"2016-11-30 00:00:00.0","endDate":"","authBudgName":"Бюджет Атяшевского муниципального района Республики Мордовия","authBudgCode":"09030679","authPPOName":"","authPPOCode":"","authKBKGlavaName":"Управление образования Администрации Атяшевского муниципального района Республики Мордовия","authKBKGlavaCode":"902"}],"procurementPermissions":[{"name":"Заказчик","code":"201","startDate":"2016-06-23 00:00:00.0","endDate":""}],"contacts":[{"phone":"8 834 342 21 33; 8 834 342 46 09","site":"","mail":""}],"acceptAuths":[],"transfauth":[],"attachment":[],"contracts":[],"ubptransfauthbp":[],"ubptransfauthbu":[],"ubpfin":[],"ksaccounts":[]},{"id":3804557,"info":{"regNum":"Ш9845","code":"893Ш9845","divisionParentName":"","divisionParentCode":"","ogrn":"1021300549820","fullName":"МУНИЦИПАЛЬНОЕ БЮДЖЕТНОЕ ДОШКОЛЬНОЕ ОБРАЗОВАТЕЛЬНОЕ УЧРЕЖДЕНИЕ АТЯШЕВСКОГО МУНИЦИПАЛЬНОГО РАЙОНА \"БАТУШЕВСКИЙ ДЕТСКИЙ САД\"","shortName":"МБДОУ \"БАТУШЕВСКИЙ ДЕТСКИЙ САД\"","inn":"1303068049","kpp":"130301001","regDate":"2002-12-03 00:00:00.0","okopfName":"Муниципальные бюджетные учреждения","okopfCode":"75403","okfsName":"Муниципальная собственность","okfsCode":"14","postIndex":"431826","cityType":"","cityName":"","streetType":"УЛИЦА","streetName":"ЛЕНИНА","house":"72","oktmoName":"с Батушево","oktmoCode":"89607412106","orfkName":"Управление Федерального казначейства по Республике Мордовия","orfkCode":"0900","oksmName":"","oksmCode":"","location":"","kbkName":"Управление образования Администрации Атяшевского муниципального района Республики Мордовия","kbkCode":"902","okoguName":"","okoguCode":"","okpoCode":"05006668","orgTypeName":"Учреждение","orgTypeCode":"03","establishmentKindName":"Бюджетное","establishmentKindCode":"2","legalPersonKindName":"Создание юридического лица","legalPersonKindCode":"11","ougvName":"","ougvCode":"","uoName":"Финансовое управление Администрации Атяшевского муниципального района","uoCode":"89302097","creatorKindName":"","creatorKindCode":"","creatorPlaceName":"","creatorPlaceCode":"","founderKindName":"Муниципальный район","founderKindCode":"32","founderPlaceName":"Атяшевский муниципальный район Республики Мордовия","founderPlaceCode":"89607000","budgetLvlName":"Бюджет муниципального района","budgetLvlCode":"32","budgetName":"Бюджет Атяшевского муниципального района Республики Мордовия","budgetCode":"09030679","statusCode":"2","statusName":"недействующая","regionType":"РЕСПУБЛИКА","regionName":"МОРДОВИЯ","isOGV":"0","isObosob":"0","orgStatus":"2","recordNum":"896070000332Ш9845012","parentCode":"","parentName":"","okatoCode":"","okatoName":"","guid":"40229A16-08C2-42D8-ACB9-AAA22120CCDB","status":"1","controlNum":"0","bidNum":"1-76-13-000/00088","firstRegDate":"2015-10-29 13:56:06.0","firstRegGuid":"94aad854-483c-465d-bcd3-abe89c378fa0","lastRegGuid":"fea29f8e-9483-4cdf-9734-b09e646e2ccd","lastRegDate":"2021-01-03 13:05:58.0","lastRegNum":"1-76-13-000/19295","updateReason":"E","updateNum":"1","inclusionDate":"2015-10-29 15:33:14.0","exclusionDate":"","pubpCode":"","rubpCode":"","nubpCode":"Ш9845","cpzCode":"03093000441","pgmyCode":"","firmName":"","kofkCode":"0900","nameDocs":"","accMgmt":"","naibznachuch":"","regionCode":"13","areaCode":"1300400000000","areaType":"РАЙОН","areaName":"АТЯШЕВСКИЙ","cityCode":"","localCode":"1300400000800","localName":"БАТУШЕВО","localType":"СЕЛО","streetCode":"13004000008000200","building":"-","apartment":"-","reformationDocument":"Постановление Администрации Атяшевского муниципального района","reformationDocumentNum":"296","reformationDocumentDate":"2020-06-29 00:00:00.0","reformationName":"Прекращение деятельности юридического лица путем реорганизации в форме присоединения","reformationCode":"304","reformationStartDate":"2020-07-06 00:00:00.0","reformationEndDate":"2020-12-01 00:00:00.0","dateUpdate":"2021-01-03 00:00:00.0","isExcluded":"0","isReorg":"0","startDate":"2021-01-03 13:05:59.0","endDate":"","loadDate":"2021-01-03 18:15:16.0","regionKladrCode":"1300000000000","egrulnotincluded":"false","parentrecordnum":"","planningstructuretype":"","planningstructurename":"","contourTypeCode":"O","specEventCode":"2","speceventcodedop1":"","speceventcodedop2":"","speceventcodedop3":"","dsp":"0","ppotypecode":"32","ppotypename":"Муниципальный район","isUch":"0","reforfkCode":"/epbs/registry/7710568760-TOFK/data?filtercode=0900&filterstatus=ACTIVE&"},"authorities":[{"authorityCode":"89302119","authorityName":"АДМИНИСТРАЦИЯ АТЯШЕВСКОГО МУНИЦИПАЛЬНОГО РАЙОНА","permissions":[{"permissionCode":"401","permissionName":"Выполнение функций и полномочий учредителя бюджетного учреждения при его создании, реорганизации, изменении типа и ликвидации"},{"permissionCode":"417","permissionName":"Определение порядка составления и утверждения плана финансово-хозяйственной деятельности бюджетного учреждения в соответствии с требованиями, установленными Министерством финансов Российской Федерации"},{"permissionCode":"410","permissionName":"Установление порядка определения платы для физических и юридических лиц за услуги (работы), относящиеся к основным видам деятельности бюджетного учреждения, оказываемые им сверх установленного государственного задания, а также в случаях, определенных федеральными законами, в пределах установленного государственного задания"},{"permissionCode":"419","permissionName":"Определение предельно допустимого значения просроченной кредиторской задолженности бюджетного учреждения, превышение которого влечет расторжение трудового договора с руководителем бюджетного учреждения по инициативе работодателя в соответствии с Трудовым кодексом Российской Федерации"},{"permissionCode":"411","permissionName":"Определение порядка составления и утверждения отчета о результатах деятельности бюджетного учреждения и об использовании закрепленного за ним государственного (муниципального) имущества в соответствии с общими требованиями, установленными Министерством финансов Российской Федерации"},{"permissionCode":"420","permissionName":"Осуществление контроля деятельности бюджетного учреждения в соответствии с законодательством Российской Федерации"},{"permissionCode":"405","permissionName":"Формирование государственного задания на оказание государственных (муниципальных) услуг (выполнение работ) юридическим и физическим лицам в соответствии с предусмотренными уставом бюджетного учреждения основными видами деятельности"},{"permissionCode":"413","permissionName":"Согласование распоряжения недвижимым имуществом бюджетного учреждения, в том числе передачи его в аренду по договорам, типовые условия которых утверждаются Министерством экономического развития Российской Федерации, если иное не установлено иными нормативными правовыми актами, принимаемыми в соответствии с федеральными законами"},{"permissionCode":"402","permissionName":"Утверждение устава бюджетного учреждения, а также вносимых в него изменений"},{"permissionCode":"406","permissionName":"Утверждение государственного задания в соответствии с предусмотренными уставом бюджетного учреждения основными видами деятельности"},{"permissionCode":"414","permissionName":"Согласование внесения бюджетным учреждением денежных средств (если иное не установлено условиями их предоставления), иного имущества, за исключением особо ценного движимого имущества, а также недвижимого имущества, в уставный (складочный) капитал хозяйственных обществ или передачи им такого имущества иным образом в качестве их учредителя или участника"},{"permissionCode":"404","permissionName":"Заключение и прекращение трудового договора с руководителем бюджетного учреждения"},{"permissionCode":"407","permissionName":"Определение перечня особо ценного движимого имущества, закрепленного за бюджетным учреждением учредителем или приобретенного бюджетным учреждением за счет средств, выделенных ему учредителем на приобретение такого имущества"},{"permissionCode":"415","permissionName":"Согласование в случаях, предусмотренных федеральными законами, передачи некоммерческим организациям в качестве их учредителя или участника денежных средств (если иное не установлено условиями их предоставления) и иного имущества, за исключением особо ценного движимого имущества, закрепленного за бюджетным учреждением собственником или приобретенного бюджетным учреждением за счет средств,выделенных ему собственником на приобретение такого имущества, а также недвижимого имущества"},{"permissionCode":"416","permissionName":"Осуществление финансового обеспечения выполнения государственного задания бюджетного учреждения"},{"permissionCode":"403","permissionName":"Назначение (утверждение) руководителя бюджетного учреждения и прекращение его полномочий"},{"permissionCode":"412","permissionName":"Согласование распоряжения особо ценным движимым имуществом, закрепленным за бюджетным учреждением учредителем либо приобретенным бюджетным учреждением за счет средств, выделенных его учредителем на приобретение такого имущества"},{"permissionCode":"408","permissionName":"Предварительное согласование совершения бюджетным учреждением крупных сделок, соответствующих критериям, установленным в пункте 13 статьи 9.2 Федерального закона \"О некоммерческих организациях\""},{"permissionCode":"421","permissionName":"Осуществление иных функций и полномочий учредителя бюджетного учреждения, установленных федеральными законами и нормативными правовыми актами Президента Российской Федерации, Правительства Российской Федерации, субъекта Российской Федерации, правовыми актами муниципального образования"},{"permissionCode":"409","permissionName":"Принятие решений об одобрении сделок с участием бюджетного учреждения, в совершении которых имеется заинтересованность, определяемая в соответствии с критериями, установленными в статье 27 Федерального закона \"О некоммерческих организациях\""}]}],"activities":[{"activityCode":"85.11","activityName":"Образование дошкольное","activityKind":"основной"}],"heads":[{"fio":"ТАТАРКИНА НАТАЛЬЯ ВИКТОРОВНА","post":"ЗАВЕДУЮЩАЯ","docName":"Приказ","docNum":"77","docDate":"2016-08-09 00:00:00.0","headMain":"0"}],"successions":[],"facialAccounts":[{"kindName":"лс БУ","kindCode":"20","num":"20096Ш98450","createDate":"2013-01-18 00:00:00.0","closeDate":"","status":"открыт","openUfkCode":"0900","openUfkName":"Управление Федерального казначейства по Республике Мордовия","openTofkName":"00109119","srvUfkCode":"0923","srvUfkName":"Отдел № 23 Управления Федерального казначейства по Республике Мордовия","accountorgcode":"","accountorgfullname":"","ppocode":"","pponame":"","refopenUfkCode":"/epbs/registry/7710568760-TOFK/data?filtercode=00109119&filterstatus=ACTIVE&","refsrvUfkCode":"/epbs/registry/7710568760-TOFK/data?filtercode=-&filterstatus=ACTIVE&"},{"kindName":"отдельный лс БУ","kindCode":"21","num":"21096Ш98450","createDate":"2013-01-18 00:00:00.0","closeDate":"","status":"открыт","openUfkCode":"0900","openUfkName":"Управление Федерального казначейства по Республике Мордовия","openTofkName":"00109119","srvUfkCode":"0923","srvUfkName":"Отдел № 23 Управления Федерального казначейства по Республике Мордовия","accountorgcode":"","accountorgfullname":"","ppocode":"","pponame":"","refopenUfkCode":"/epbs/registry/7710568760-TOFK/data?filtercode=00109119&filterstatus=ACTIVE&","refsrvUfkCode":"/epbs/registry/7710568760-TOFK/data?filtercode=-&filterstatus=ACTIVE&"}],"foAccounts":[],"participantPermissions":[],"nonParticipantPermissions":[{"name":"НУБП","registryNum":"Ш9845","code":"303","startDate":"2017-01-17 00:00:00.0","endDate":"","authBudgName":"Бюджет Атяшевского муниципального района Республики Мордовия","authBudgCode":"09030679","authPPOName":"","authPPOCode":"","authKBKGlavaName":"Управление образования Администрации Атяшевского муниципального района Республики Мордовия","authKBKGlavaCode":"902"}],"procurementPermissions":[{"name":"Заказчик","code":"201","startDate":"2016-06-23 00:00:00.0","endDate":""}],"contacts":[{"phone":"8 834 342 21 33","site":"","mail":"tatarkina.natach@yandex.ru"}],"acceptAuths":[],"transfauth":[],"attachment":[],"contracts":[],"ubptransfauthbp":[],"ubptransfauthbu":[],"ubpfin":[],"ksaccounts":[]},{"id":3805357,"info":{"regNum":"Ш9842","code":"893Ш9842","divisionParentName":"","divisionParentCode":"","ogrn":"1021300549940","fullName":"МУНИЦИПАЛЬНОЕ БЮДЖЕТНОЕ ДОШКОЛЬНОЕ ОБРАЗОВАТЕЛЬНОЕ УЧРЕЖДЕНИЕ АТЯШЕВСКОГО МУНИЦИПАЛЬНОГО РАЙОНА \"ЛОБАСКИНСКИЙ ДЕТСКИЙ САД\"","shortName":"МБДОУ \"ЛОБАСКИНСКИЙ ДЕТСКИЙ САД\"","inn":"1303068063","kpp":"130301001","regDate":"2002-12-05 00:00:00.0","okopfName":"Муниципальные бюджетные учреждения","okopfCode":"75403","okfsName":"Муниципальная собственность","okfsCode":"14","postIndex":"431817","cityType":"","cityName":"","streetType":"УЛИЦА","streetName":"ПУШКИНА","house":"1А","oktmoName":"с Лобаски","oktmoCode":"89607448101","orfkName":"Управление Федерального казначейства по Республике Мордовия","orfkCode":"0900","oksmName":"","oksmCode":"","location":"","kbkName":"Управление образования Администрации Атяшевского муниципального района Республики Мордовия","kbkCode":"902","okoguName":"","okoguCode":"","okpoCode":"05347731","orgTypeName":"Учреждение","orgTypeCode":"03","establishmentKindName":"Бюджетное","establishmentKindCode":"2","legalPersonKindName":"Создание юридического лица","legalPersonKindCode":"11","ougvName":"","ougvCode":"","uoName":"Финансовое управление Администрации Атяшевского муниципального района","uoCode":"89302097","creatorKindName":"","creatorKindCode":"","creatorPlaceName":"","creatorPlaceCode":"","founderKindName":"Муниципальный район","founderKindCode":"32","founderPlaceName":"Атяшевский муниципальный район Республики Мордовия","founderPlaceCode":"89607000","budgetLvlName":"Бюджет муниципального района","budgetLvlCode":"32","budgetName":"Бюджет Атяшевского муниципального района Республики Мордовия","budgetCode":"09030679","statusCode":"2","statusName":"недействующая","regionType":"РЕСПУБЛИКА","regionName":"МОРДОВИЯ","isOGV":"0","isObosob":"0","orgStatus":"2","recordNum":"896070000332Ш9842042","parentCode":"","parentName":"","okatoCode":"","okatoName":"","guid":"BCACE675-B3AB-4F98-949E-ECB2589C5A56","status":"1","controlNum":"0","bidNum":"1-76-13-000/00054","firstRegDate":"2015-10-24 12:48:36.0","firstRegGuid":"7462705f-87ac-4992-bbda-cc11d5f47bbb","lastRegGuid":"e9c7b2a3-2cf9-49e2-b857-6598fe502e28","lastRegDate":"2021-01-03 13:07:29.0","lastRegNum":"1-76-13-000/19298","updateReason":"E","updateNum":"1","inclusionDate":"2015-10-29 12:37:56.0","exclusionDate":"","pubpCode":"","rubpCode":"","nubpCode":"Ш9842","cpzCode":"03093000299","pgmyCode":"","firmName":"","kofkCode":"0900","nameDocs":"","accMgmt":"","naibznachuch":"","regionCode":"13","areaCode":"1300400000000","areaType":"РАЙОН","areaName":"АТЯШЕВСКИЙ","cityCode":"","localCode":"1300400003100","localName":"ЛОБАСКИ","localType":"СЕЛО","streetCode":"13004000031000700","building":"-","apartment":"-","reformationDocument":"Постановление Администрации Атяшевского муниципального района","reformationDocumentNum":"296","reformationDocumentDate":"2020-06-29 00:00:00.0","reformationName":"Прекращение деятельности юридического лица путем реорганизации в форме присоединения","reformationCode":"304","reformationStartDate":"2020-07-06 00:00:00.0","reformationEndDate":"2020-12-01 00:00:00.0","dateUpdate":"2021-01-03 00:00:00.0","isExcluded":"0","isReorg":"0","startDate":"2021-01-03 13:07:29.0","endDate":"","loadDate":"2021-01-03 18:15:16.0","regionKladrCode":"1300000000000","egrulnotincluded":"false","parentrecordnum":"","planningstructuretype":"","planningstructurename":"","contourTypeCode":"O","specEventCode":"2","speceventcodedop1":"","speceventcodedop2":"","speceventcodedop3":"","dsp":"0","ppotypecode":"32","ppotypename":"Муниципальный район","isUch":"0","reforfkCode":"/epbs/registry/7710568760-TOFK/data?filtercode=0900&filterstatus=ACTIVE&"},"authorities":[{"authorityCode":"89302119","authorityName":"АДМИНИСТРАЦИЯ АТЯШЕВСКОГО МУНИЦИПАЛЬНОГО РАЙОНА","permissions":[{"permissionCode":"402","permissionName":"Утверждение устава бюджетного учреждения, а также вносимых в него изменений"},{"permissionCode":"409","permissionName":"Принятие решений об одобрении сделок с участием бюджетного учреждения, в совершении которых имеется заинтересованность, определяемая в соответствии с критериями, установленными в статье 27 Федерального закона \"О некоммерческих организациях\""},{"permissionCode":"417","permissionName":"Определение порядка составления и утверждения плана финансово-хозяйственной деятельности бюджетного учреждения в соответствии с требованиями, установленными Министерством финансов Российской Федерации"},{"permissionCode":"401","permissionName":"Выполнение функций и полномочий учредителя бюджетного учреждения при его создании, реорганизации, изменении типа и ликвидации"},{"permissionCode":"410","permissionName":"Установление порядка определения платы для физических и юридических лиц за услуги (работы), относящиеся к основным видам деятельности бюджетного учреждения, оказываемые им сверх установленного государственного задания, а также в случаях, определенных федеральными законами, в пределах установленного государственного задания"},{"permissionCode":"419","permissionName":"Определение предельно допустимого значения просроченной кредиторской задолженности бюджетного учреждения, превышение которого влечет расторжение трудового договора с руководителем бюджетного учреждения по инициативе работодателя в соответствии с Трудовым кодексом Российской Федерации"},{"permissionCode":"412","permissionName":"Согласование распоряжения особо ценным движимым имуществом, закрепленным за бюджетным учреждением учредителем либо приобретенным бюджетным учреждением за счет средств, выделенных его учредителем на приобретение такого имущества"},{"permissionCode":"420","permissionName":"Осуществление контроля деятельности бюджетного учреждения в соответствии с законодательством Российской Федерации"},{"permissionCode":"405","permissionName":"Формирование государственного задания на оказание государственных (муниципальных) услуг (выполнение работ) юридическим и физическим лицам в соответствии с предусмотренными уставом бюджетного учреждения основными видами деятельности"},{"permissionCode":"413","permissionName":"Согласование распоряжения недвижимым имуществом бюджетного учреждения, в том числе передачи его в аренду по договорам, типовые условия которых утверждаются Министерством экономического развития Российской Федерации, если иное не установлено иными нормативными правовыми актами, принимаемыми в соответствии с федеральными законами"},{"permissionCode":"406","permissionName":"Утверждение государственного задания в соответствии с предусмотренными уставом бюджетного учреждения основными видами деятельности"},{"permissionCode":"414","permissionName":"Согласование внесения бюджетным учреждением денежных средств (если иное не установлено условиями их предоставления), иного имущества, за исключением особо ценного движимого имущества, а также недвижимого имущества, в уставный (складочный) капитал хозяйственных обществ или передачи им такого имущества иным образом в качестве их учредителя или участника"},{"permissionCode":"404","permissionName":"Заключение и прекращение трудового договора с руководителем бюджетного учреждения"},{"permissionCode":"407","permissionName":"Определение перечня особо ценного движимого имущества, закрепленного за бюджетным учреждением учредителем или приобретенного бюджетным учреждением за счет средств, выделенных ему учредителем на приобретение такого имущества"},{"permissionCode":"415","permissionName":"Согласование в случаях, предусмотренных федеральными законами, передачи некоммерческим организациям в качестве их учредителя или участника денежных средств (если иное не установлено условиями их предоставления) и иного имущества, за исключением особо ценного движимого имущества, закрепленного за бюджетным учреждением собственником или приобретенного бюджетным учреждением за счет средств,выделенных ему собственником на приобретение такого имущества, а также недвижимого имущества"},{"permissionCode":"403","permissionName":"Назначение (утверждение) руководителя бюджетного учреждения и прекращение его полномочий"},{"permissionCode":"411","permissionName":"Определение порядка составления и утверждения отчета о результатах деятельности бюджетного учреждения и об использовании закрепленного за ним государственного (муниципального) имущества в соответствии с общими требованиями, установленными Министерством финансов Российской Федерации"},{"permissionCode":"421","permissionName":"Осуществление иных функций и полномочий учредителя бюджетного учреждения, установленных федеральными законами и нормативными правовыми актами Президента Российской Федерации, Правительства Российской Федерации, субъекта Российской Федерации, правовыми актами муниципального образования"},{"permissionCode":"408","permissionName":"Предварительное согласование совершения бюджетным учреждением крупных сделок, соответствующих критериям, установленным в пункте 13 статьи 9.2 Федерального закона \"О некоммерческих организациях\""},{"permissionCode":"416","permissionName":"Осуществление финансового обеспечения выполнения государственного задания бюджетного учреждения"}]}],"activities":[{"activityCode":"85.11","activityName":"Образование дошкольное","activityKind":"основной"}],"heads":[{"fio":"КУВАКИНА ТАТЬЯНА НИКОЛАЕВНА","post":"заведующая","docName":"Распоряжение Главы Лобаскинского сельсовета","docNum":"1","docDate":"2001-01-03 00:00:00.0","headMain":"0"}],"successions":[],"facialAccounts":[{"kindName":"лс БУ","kindCode":"20","num":"20096Ш98420","createDate":"2013-01-18 00:00:00.0","closeDate":"","status":"открыт","openUfkCode":"0900","openUfkName":"Управление Федерального казначейства по Республике Мордовия","openTofkName":"00109119","srvUfkCode":"0923","srvUfkName":"Отдел № 23 Управления Федерального казначейства по Республике Мордовия","accountorgcode":"","accountorgfullname":"","ppocode":"","pponame":"","refopenUfkCode":"/epbs/registry/7710568760-TOFK/data?filtercode=00109119&filterstatus=ACTIVE&","refsrvUfkCode":"/epbs/registry/7710568760-TOFK/data?filtercode=-&filterstatus=ACTIVE&"},{"kindName":"отдельный лс БУ","kindCode":"21","num":"21096Ш98420","createDate":"2013-01-18 00:00:00.0","closeDate":"","status":"открыт","openUfkCode":"0900","openUfkName":"Управление Федерального казначейства по Республике Мордовия","openTofkName":"00109119","srvUfkCode":"0923","srvUfkName":"Отдел № 23 Управления Федерального казначейства по Республике Мордовия","accountorgcode":"","accountorgfullname":"","ppocode":"","pponame":"","refopenUfkCode":"/epbs/registry/7710568760-TOFK/data?filtercode=00109119&filterstatus=ACTIVE&","refsrvUfkCode":"/epbs/registry/7710568760-TOFK/data?filtercode=-&filterstatus=ACTIVE&"}],"foAccounts":[],"participantPermissions":[],"nonParticipantPermissions":[{"name":"НУБП","registryNum":"Ш9842","code":"303","startDate":"2016-11-30 00:00:00.0","endDate":"","authBudgName":"Бюджет Атяшевского муниципального района Республики Мордовия","authBudgCode":"09030679","authPPOName":"","authPPOCode":"","authKBKGlavaName":"Управление образования Администрации Атяшевского муниципального района Республики Мордовия","authKBKGlavaCode":"902"}],"procurementPermissions":[{"name":"Заказчик","code":"201","startDate":"2016-06-23 00:00:00.0","endDate":""}],"contacts":[{"phone":"8 927 644 43 97","site":"","mail":""}],"acceptAuths":[],"transfauth":[],"attachment":[],"contracts":[],"ubptransfauthbp":[],"ubptransfauthbu":[],"ubpfin":[],"ksaccounts":[]}]